[
  {
    "country": "India",
    "schemes": [
      {
        "name": "Pradhan Mantri Kisan Samman Nidhi (PM-KISAN)",
        "description": "A direct income support scheme for farmers, providing financial assistance.",
        "eligibility": "Small and marginal farmers with cultivable land.",
        "benefits": "₹6,000 per year, disbursed in three equal installments.",
        "application": "Online through the PM-KISAN portal or through local agricultural offices."
      },
      {
        "name": "Pradhan Mantri Fasal Bima Yojana (PMFBY)",
        "description": "Crop insurance scheme to provide financial support to farmers in case of crop loss.",
        "eligibility": "All farmers growing notified crops in notified areas.",
        "benefits": "Insurance coverage against crop loss due to natural calamities.",
        "application": "Through banks, agricultural insurance companies, or online portals."
      },
      {
        "name": "Soil Health Card Scheme",
        "description": "Provides soil health cards to farmers, containing information on nutrient status and recommendations for fertilizer use.",
        "eligibility": "All farmers with agricultural land.",
        "benefits": "Improved soil health, reduced fertilizer costs, and increased crop yields.",
        "application": "Through local agricultural departments and soil testing laboratories."
      }
    ]
  },
  {
    "country": "US",
    "schemes": [
      {
        "name": "Conservation Stewardship Program (CSP)",
        "description": "Encourages farmers to adopt conservation practices that improve natural resources.",
        "eligibility": "Farmers who are actively managing agricultural land and meet stewardship thresholds.",
        "benefits": "Financial assistance for implementing conservation activities.",
        "application": "Through the Natural Resources Conservation Service (NRCS)."
      },
      {
        "name": "Environmental Quality Incentives Program (EQIP)",
        "description": "Provides financial and technical assistance to farmers for implementing conservation practices.",
        "eligibility": "Farmers and ranchers who own or control agricultural land.",
        "benefits": "Cost-sharing for implementing conservation practices.",
        "application": "Through the Natural Resources Conservation Service (NRCS)."
      },
      {
        "name": "Farm Service Agency (FSA) Loan Programs",
        "description": "Provides loans to farmers and ranchers who are unable to obtain financing from commercial lenders.",
        "eligibility": "Farmers and ranchers who meet FSA loan eligibility requirements.",
        "benefits": "Access to financing for farm operations, land purchases, and other agricultural needs.",
        "application": "Through the Farm Service Agency (FSA)."
      }
    ]
  },
  {
    "country": "UK",
    "schemes": [
      {
        "name": "Sustainable Farming Incentive (SFI)",
        "description": "Rewards farmers for sustainable land management practices that improve soil health, water quality, and biodiversity.",
        "eligibility": "Farmers and land managers in England.",
        "benefits": "Payments for implementing sustainable farming actions.",
        "application": "Through the Rural Payments Agency (RPA)."
      },
      {
        "name": "Countryside Stewardship",
        "description": "Provides financial incentives for farmers to manage their land in a way that protects and enhances the natural environment.",
        "eligibility": "Farmers and land managers in England.",
        "benefits": "Payments for implementing environmental management options.",
        "application": "Through the Rural Payments Agency (RPA)."
      },
      {
        "name": "Farming Equipment and Technology Fund",
        "description": "Provides grants to farmers for purchasing equipment and technology that improves productivity and environmental sustainability.",
        "eligibility": "Farmers in England.",
        "benefits": "Grants towards the purchase of eligible equipment and technology.",
        "application": "Through the Rural Payments Agency (RPA)."
      }
    ]
  }
]